{
  "classifier": "random_forest",
  "n_folds": 5,
  "cv_time_seconds": 6.662118911743164,
  "n_samples": 862,
  "scores": {
    "accuracy": {
      "cv_mean": 0.9965250705740019,
      "cv_std": 0.004627656427652647,
      "cv_scores": [
        0.9884393063583815,
        1.0,
        1.0,
        1.0,
        0.9941860465116279
      ],
      "train_mean": 1.0,
      "train_std": 0.0
    },
    "f1_macro": {
      "cv_mean": 0.997291982091982,
      "cv_std": 0.003947161791366687,
      "cv_scores": [
        0.9898461538461538,
        1.0,
        1.0,
        1.0,
        0.9966137566137566
      ],
      "train_mean": 1.0,
      "train_std": 0.0
    },
    "precision_macro": {
      "cv_mean": 0.9971428571428571,
      "cv_std": 0.0044262666813798725,
      "cv_scores": [
        0.9885714285714287,
        1.0,
        1.0,
        1.0,
        0.9971428571428572
      ],
      "train_mean": 1.0,
      "train_std": 0.0
    },
    "recall_macro": {
      "cv_mean": 0.9978181818181818,
      "cv_std": 0.002909090909090878,
      "cv_scores": [
        0.9927272727272728,
        1.0,
        1.0,
        1.0,
        0.9963636363636365
      ],
      "train_mean": 1.0,
      "train_std": 0.0
    }
  }
}